{
  "kind": "webfonts#webfont",
  "family": "Jost",
  "category": "sans-serif",
  "variants": [
    "100",
    "200",
    "300",
    "regular",
    "500",
    "600",
    "700",
    "800",
    "900",
    "100italic",
    "200italic",
    "300italic",
    "italic",
    "500italic",
    "600italic",
    "700italic",
    "800italic",
    "900italic"
  ],
  "subsets": ["cyrillic", "latin", "latin-ext"],
  "version": "v1",
  "lastModified": "2020-05-01",
  "files": {
    "100": "http://fonts.gstatic.com/s/jost/v1/92z8tBhPNqw79Ij1C9z1vBQv7mxrZh9NHHnUBkLNPUtGwvxWOh7JuKBE7w.ttf",
    "200": "http://fonts.gstatic.com/s/jost/v1/92z8tBhPNqw79Ij1C9z1vBQv7mxrZh9NHHnUBkLNPUtGQv1WOh7JuKBE7w.ttf",
    "300": "http://fonts.gstatic.com/s/jost/v1/92z8tBhPNqw79Ij1C9z1vBQv7mxrZh9NHHnUBkLNPUtGnP1WOh7JuKBE7w.ttf",
    "500": "http://fonts.gstatic.com/s/jost/v1/92z8tBhPNqw79Ij1C9z1vBQv7mxrZh9NHHnUBkLNPUtG8P1WOh7JuKBE7w.ttf",
    "600": "http://fonts.gstatic.com/s/jost/v1/92z8tBhPNqw79Ij1C9z1vBQv7mxrZh9NHHnUBkLNPUtGHPpWOh7JuKBE7w.ttf",
    "700": "http://fonts.gstatic.com/s/jost/v1/92z8tBhPNqw79Ij1C9z1vBQv7mxrZh9NHHnUBkLNPUtGJfpWOh7JuKBE7w.ttf",
    "800": "http://fonts.gstatic.com/s/jost/v1/92z8tBhPNqw79Ij1C9z1vBQv7mxrZh9NHHnUBkLNPUtGQvpWOh7JuKBE7w.ttf",
    "900": "http://fonts.gstatic.com/s/jost/v1/92z8tBhPNqw79Ij1C9z1vBQv7mxrZh9NHHnUBkLNPUtGa_pWOh7JuKBE7w.ttf",
    "regular": "http://fonts.gstatic.com/s/jost/v1/92z8tBhPNqw79Ij1C9z1vBQv7mxrZh9NHHnUBkLNPUtGwv1WOh7JuKBE7w.ttf",
    "100italic": "http://fonts.gstatic.com/s/jost/v1/92z8tBhPNqw79Ij1C9z1vBQv7mzrWR9NHHnUBkLNPUtGwvxWOh7JuKBE7w.ttf",
    "200italic": "http://fonts.gstatic.com/s/jost/v1/92z8tBhPNqw79Ij1C9z1vBQv7mzrWR9NHHnUBkLNPUtGQv1WOh7JuKBE7w.ttf",
    "300italic": "http://fonts.gstatic.com/s/jost/v1/92z8tBhPNqw79Ij1C9z1vBQv7mzrWR9NHHnUBkLNPUtGnP1WOh7JuKBE7w.ttf",
    "italic": "http://fonts.gstatic.com/s/jost/v1/92z8tBhPNqw79Ij1C9z1vBQv7mzrWR9NHHnUBkLNPUtGwv1WOh7JuKBE7w.ttf",
    "500italic": "http://fonts.gstatic.com/s/jost/v1/92z8tBhPNqw79Ij1C9z1vBQv7mzrWR9NHHnUBkLNPUtG8P1WOh7JuKBE7w.ttf",
    "600italic": "http://fonts.gstatic.com/s/jost/v1/92z8tBhPNqw79Ij1C9z1vBQv7mzrWR9NHHnUBkLNPUtGHPpWOh7JuKBE7w.ttf",
    "700italic": "http://fonts.gstatic.com/s/jost/v1/92z8tBhPNqw79Ij1C9z1vBQv7mzrWR9NHHnUBkLNPUtGJfpWOh7JuKBE7w.ttf",
    "800italic": "http://fonts.gstatic.com/s/jost/v1/92z8tBhPNqw79Ij1C9z1vBQv7mzrWR9NHHnUBkLNPUtGQvpWOh7JuKBE7w.ttf",
    "900italic": "http://fonts.gstatic.com/s/jost/v1/92z8tBhPNqw79Ij1C9z1vBQv7mzrWR9NHHnUBkLNPUtGa_pWOh7JuKBE7w.ttf"
  }
}
